GEO_ID,NAME,B01003_001E,B01003_001M
id,Geographic Area Name,Estimate!!Total,Margin of Error!!Total
0400000US29,Missouri,6090062,*****
1600000US2938000,"Kansas City city, Missouri",481417,143
1600000US2965000,"St. Louis city, Missouri",311273,*****
1600000US2970000,"Springfield city, Missouri",166633,84
1600000US2915670,"Columbia city, Missouri",120248,60
1600000US2935000,"Independence city, Missouri",117207,51
1600000US2941348,"Lee's Summit city, Missouri",96325,232
1600000US2954074,"O'Fallon city, Missouri",86340,62
1600000US2964550,"St. Joseph city, Missouri",76465,42
1600000US2964082,"St. Charles city, Missouri",69576,50
1600000US2965126,"St. Peters city, Missouri",56838,84
1600000US2906652,"Blue Springs city, Missouri",54370,44
1600000US2924778,"Florissant city, Missouri",51744,46
1600000US2937592,"Joplin city, Missouri",50073,71
1600000US2913600,"Chesterfield city, Missouri",47663,50
1600000US2937000,"Jefferson City city, Missouri",43013,32
1600000US2911242,"Cape Girardeau city, Missouri",39323,38
1600000US2978442,"Wentzville city, Missouri",37485,36
1600000US2953876,"Oakville CDP, Missouri",36827,802
1600000US2979820,"Wildwood city, Missouri",35517,52
1600000US2975220,"University City city, Missouri",34653,33
1600000US2942032,"Liberty city, Missouri",30928,41
1600000US2903160,"Ballwin city, Missouri",30332,44
1600000US2960788,"Raytown city, Missouri",29216,30
1600000US2947180,"Mehlville CDP, Missouri",28376,1153
1600000US2939044,"Kirkwood city, Missouri",27693,42
1600000US2946586,"Maryland Heights city, Missouri",27128,61
1600000US2927190,"Gladstone city, Missouri",26995,60
1600000US2931276,"Hazelwood city, Missouri",25399,36
1600000US2928324,"Grandview city, Missouri",25174,85
1600000US2904384,"Belton city, Missouri",23348,51
1600000US2978154,"Webster Groves city, Missouri",23029,38
1600000US2966440,"Sedalia city, Missouri",21642,28
1600000US2952616,"Nixa city, Missouri",21113,32
1600000US2901972,"Arnold city, Missouri",21107,35
1600000US2923986,"Ferguson city, Missouri",20931,36
1600000US2960752,"Raymore city, Missouri",20743,41
1600000US2900280,"Affton CDP, Missouri",20187,917
1600000US2962912,"Rolla city, Missouri",20117,32
1600000US2977092,"Warrensburg city, Missouri",20025,29
1600000US2954352,"Old Jamestown CDP, Missouri",19439,1072
1600000US2955766,"Ozark city, Missouri",19418,36
1600000US2917272,"Creve Coeur city, Missouri",18445,53
1600000US2923752,"Farmington city, Missouri",18269,24
1600000US2945668,"Manchester city, Missouri",18189,42
1600000US2969266,"Spanish Lake CDP, Missouri",18048,1100
1600000US2916030,"Concord CDP, Missouri",17652,767
1600000US2930214,"Hannibal city, Missouri",17575,166
1600000US2939026,"Kirksville city, Missouri",17483,24
1600000US2959096,"Poplar Bluff city, Missouri",17107,88
1600000US2941438,"Lemay CDP, Missouri",16814,1018
1600000US2914572,"Clayton city, Missouri",16448,26
1600000US2967790,"Sikeston city, Missouri",16366,242
1600000US2961238,"Republic city, Missouri",16044,20
1600000US2925264,"Fort Leonard Wood CDP, Missouri",15882,783
1600000US2955550,"Overland city, Missouri",15787,48
1600000US2940043,"Lake St. Louis city, Missouri",15646,30
1600000US2935648,"Jackson city, Missouri",14826,28
1600000US2937178,"Jennings city, Missouri",14794,24
1600000US2911656,"Carthage city, Missouri",14690,40
1600000US2941168,"Lebanon city, Missouri",14637,24
1600000US2977416,"Washington city, Missouri",13987,24
1600000US2949034,"Moberly city, Missouri",13762,29
1600000US2928090,"Grain Valley city, Missouri",13715,26
1600000US2918253,"Dardenne Prairie city, Missouri",13139,47
1600000US2946316,"Marshall city, Missouri",13001,38
1600000US2963956,"St. Ann city, Missouri",12853,71
1600000US2926182,"Fulton city, Missouri",12799,24
1600000US2978928,"West Plains city, Missouri",12222,35
1600000US2951572,"Neosho city, Missouri",12009,31
1600000US2924094,"Festus city, Missouri",11970,29
1600000US2917218,"Crestwood city, Missouri",11881,35
1600000US2973942,"Troy city, Missouri",11771,24
1600000US2946640,"Maryville city, Missouri",11771,36
1600000US2908398,"Bridgeton city, Missouri",11690,44
1600000US2923086,"Excelsior Springs city, Missouri",11575,100
1600000US2978118,"Webb City city, Missouri",11572,25
1600000US2947648,"Mexico city, Missouri",11544,25
1600000US2907966,"Branson city, Missouri",11345,35
1600000US2974626,"Union city, Missouri",11274,60
1600000US2973618,"Town and Country city, Missouri",11066,36
1600000US2906976,"Bolivar city, Missouri",10760,25
1600000US2904222,"Bellefontaine Neighbors city, Missouri",10613,27
1600000US2922834,"Eureka city, Missouri",10575,30
1600000US2938306,"Kennett city, Missouri",10225,341
1600000US2930610,"Harrisonville city, Missouri",10023,34
1600000US2938072,"Kearney city, Missouri",9778,22
1600000US2910828,"Cameron city, Missouri",9665,285
1600000US2921898,"Ellisville city, Missouri",9581,29
1600000US2968420,"Smithville city, Missouri",9541,24
1600000US2913690,"Chillicothe city, Missouri",9136,253
1600000US2914986,"Clinton city, Missouri",9107,278
1600000US2904906,"Berkeley city, Missouri",8991,28
1600000US2949196,"Monett city, Missouri",8917,39
1600000US2939656,"Ladue city, Missouri",8586,47
1600000US2956272,"Park Hills city, Missouri",8568,21
1600000US2919270,"Des Peres city, Missouri",8567,39
1600000US2971746,"Sunset Hills city, Missouri",8488,24
1600000US2961706,"Richmond Heights city, Missouri",8457,40
1600000US2958394,"Pleasant Hill city, Missouri",8418,46
1600000US2907318,"Boonville city, Missouri",8410,26
1600000US2957116,"Perryville city, Missouri",8403,27
1600000US2951644,"Nevada city, Missouri",8252,468
1600000US2950834,"Murphy CDP, Missouri",8163,472
1600000US2977128,"Warrenton city, Missouri",8129,32
1600000US2908236,"Brentwood city, Missouri",8023,21
1600000US2945830,"Maplewood city, Missouri",8008,24
1600000US2953624,"Oak Grove city, Missouri",8008,81
1600000US2911368,"Carl Junction city, Missouri",7995,24
1600000US2919396,"Dexter city, Missouri",7885,27
1600000US2954650,"Olivette city, Missouri",7837,30
1600000US2965954,"Sappington CDP, Missouri",7577,619
1600000US2902548,"Aurora city, Missouri",7435,25
1600000US2946388,"Marshfield city, Missouri",7226,52
1600000US2907102,"Bonne Terre city, Missouri",7110,17
1600000US2906004,"Black Jack city, Missouri",6943,22
1600000US2975472,"Valley Park city, Missouri",6832,36
1600000US2956288,"Parkville city, Missouri",6524,33
1600000US2971440,"Sullivan city, Missouri",6496,430
1600000US2964478,"St. John city, Missouri",6432,19
1600000US2919252,"De Soto city, Missouri",6390,16
1600000US2955910,"Pacific city, Missouri",6329,100
1600000US2903394,"Barnhart CDP, Missouri",6318,702
1600000US2967700,"Shrewsbury city, Missouri",6166,17
1600000US2903592,"Battlefield city, Missouri",6104,22
1600000US2929494,"Greenwood city, Missouri",6092,132
1600000US2927334,"Glendale city, Missouri",5888,25
1600000US2973816,"Trenton city, Missouri",5846,80
1600000US2957278,"Pevely city, Missouri",5784,18
1600000US2965144,"St. Robert city, Missouri",5767,19
1600000US2911692,"Caruthersville city, Missouri",5760,18
1600000US2913366,"Charleston city, Missouri",5704,17
1600000US2961670,"Richmond city, Missouri",5606,17
1600000US2978314,"Weldon Spring city, Missouri",5545,25
1600000US2907660,"Bowling Green city, Missouri",5501,44
1600000US2979882,"Willard city, Missouri",5453,22
1600000US2945326,"Macon city, Missouri",5379,29
1600000US2977992,"Waynesville city, Missouri",5262,22
1600000US2954038,"Odessa city, Missouri",5189,24
1600000US2966044,"Savannah city, Missouri",5124,24
1600000US2956756,"Peculiar city, Missouri",5006,14
1600000US2927226,"Glasgow Village CDP, Missouri",4981,920
1600000US2965234,"Salem city, Missouri",4939,30
1600000US2952796,"Normandy city, Missouri",4931,19
1600000US2919018,"Dellwood city, Missouri",4912,17
1600000US2955244,"Osage Beach city, Missouri",4909,327
1600000US2958178,"Platte City city, Missouri",4905,26
1600000US2919216,"Desloge city, Missouri",4896,15
1600000US2916678,"Cottleville city, Missouri",4882,25
1600000US2917632,"Crystal City city, Missouri",4752,30
1600000US2964136,"St. Clair city, Missouri",4693,25
1600000US2908164,"Breckenridge Hills city, Missouri",4654,19
1600000US2962660,"Rock Hill city, Missouri",4637,19
1600000US2931960,"Higginsville city, Missouri",4628,16
1600000US2950402,"Mountain Grove city, Missouri",4608,79
1600000US2921484,"Eldon city, Missouri",4591,19
1600000US2941870,"Lexington city, Missouri",4558,18
1600000US2932662,"Hollister city, Missouri",4504,18
1600000US2966368,"Scott City city, Missouri",4503,21
1600000US2950672,"Mount Vernon city, Missouri",4493,13
1600000US2908650,"Brookfield city, Missouri",4481,142
1600000US2964180,"Ste. Genevieve city, Missouri",4444,16
1600000US2953102,"North Kansas City city, Missouri",4414,17
1600000US2910468,"California city, Missouri",4375,28
1600000US2940376,"Lamar city, Missouri",4329,22
1600000US2934354,"Imperial CDP, Missouri",4279,466
1600000US2945614,"Malden city, Missouri",4244,286
1600000US2912898,"Centralia city, Missouri",4207,15
1600000US2975688,"Vandalia city, Missouri",4178,20
1600000US2910054,"Butler city, Missouri",4164,267
1600000US2932140,"High Ridge CDP, Missouri",4151,504
1600000US2953408,"Northwoods city, Missouri",4148,16
1600000US2964424,"St. James city, Missouri",4112,22
1600000US2979432,"Whiteman AFB CDP, Missouri",4093,445
1600000US2980962,"Woodson Terrace city, Missouri",4062,20
1600000US2923950,"Fenton city, Missouri",4034,20
1600000US2925768,"Fredericktown city, Missouri",3990,27
1600000US2910810,"Camdenton city, Missouri",3977,19
1600000US2931708,"Herculaneum city, Missouri",3935,41
1600000US2902242,"Ashland city, Missouri",3905,18
1600000US2932770,"Holts Summit city, Missouri",3720,19
1600000US2962894,"Rogersville city, Missouri",3644,207
1600000US2911566,"Carrollton city, Missouri",3637,206
1600000US2956036,"Palmyra city, Missouri",3607,21
1600000US2981124,"Wright City city, Missouri",3593,18
1600000US2921502,"El Dorado Springs city, Missouri",3545,12
1600000US2926110,"Frontenac city, Missouri",3525,20
1600000US2957800,"Pine Lawn city, Missouri",3513,13
1600000US2973420,"Tipton city, Missouri",3369,36
1600000US2917668,"Cuba city, Missouri",3340,22
1600000US2971368,"Sugar Creek city, Missouri",3309,24
1600000US2955964,"Pagedale city, Missouri",3291,40
1600000US2911890,"Cassville city, Missouri",3289,17
1600000US2944174,"Louisiana city, Missouri",3272,44
1600000US2962156,"Riverside city, Missouri",3255,29
1600000US2932248,"Hillsboro city, Missouri",3105,66
1600000US2921052,"East Prairie city, Missouri",3096,21
1600000US2959186,"Portageville city, Missouri",3074,16
1600000US2905068,"Bethany city, Missouri",3065,143
1600000US2909424,"Buckner city, Missouri",3058,24
1600000US2958520,"Pleasant Valley city, Missouri",3033,18
1600000US2909514,"Buffalo city, Missouri",3032,12
1600000US2980350,"Windsor city, Missouri",2990,348
1600000US2952076,"New Madrid city, Missouri",2945,20
1600000US2910240,"Byrnes Mill city, Missouri",2944,30
1600000US2912988,"Chaffee city, Missouri",2920,19
1600000US2902674,"Ava city, Missouri",2916,14
1600000US2962192,"Riverview village, Missouri",2872,29
1600000US2942464,"Licking city, Missouri",2844,470
1600000US2950204,"Moscow Mills city, Missouri",2829,24
1600000US2916802,"Country Club village, Missouri",2810,351
1600000US2939188,"Knob Noster city, Missouri",2770,35
1600000US2975922,"Versailles city, Missouri",2760,331
1600000US2904366,"Bel-Ridge village, Missouri",2718,23
1600000US2938612,"Kimberling City city, Missouri",2714,494
1600000US2931132,"Hayti city, Missouri",2714,18
1600000US2916102,"Concordia city, Missouri",2697,318
1600000US2923842,"Fayette city, Missouri",2694,22
1600000US2949574,"Montgomery City city, Missouri",2685,16
1600000US2948062,"Milan city, Missouri",2670,242
1600000US2972772,"Terre du Lac CDP, Missouri",2663,449
1600000US2950438,"Mountain View city, Missouri",2658,17
1600000US2914176,"Clarkson Valley city, Missouri",2640,42
1600000US2929324,"Green Park city, Missouri",2628,26
1600000US2957422,"Piedmont city, Missouri",2621,349
1600000US2959330,"Potosi city, Missouri",2617,22
1600000US2911134,"Canton city, Missouri",2616,174
1600000US2928918,"Gray Summit CDP, Missouri",2594,461
1600000US2911908,"Castle Point CDP, Missouri",2593,548
1600000US2914788,"Clever city, Missouri",2592,16
1600000US2955640,"Owensville city, Missouri",2580,43
1600000US2954920,"Oronogo city, Missouri",2580,34
1600000US2966674,"Seneca city, Missouri",2570,376
1600000US2933238,"Houston city, Missouri",2559,303
1600000US2925192,"Forsyth city, Missouri",2536,24
1600000US2976192,"Villa Ridge CDP, Missouri",2497,432
1600000US2949394,"Monroe City city, Missouri",2487,256
1600000US2977146,"Warsaw city, Missouri",2469,351
1600000US2946208,"Marlborough village, Missouri",2457,364
1600000US2932572,"Holden city, Missouri",2453,306
1600000US2965108,"St. Paul city, Missouri",2431,266
1600000US2952742,"Noel city, Missouri",2424,349
1600000US2931762,"Hermann city, Missouri",2422,261
1600000US2940988,"Lawson city, Missouri",2363,421
1600000US2949088,"Moline Acres city, Missouri",2355,435
1600000US2946172,"Marionville city, Missouri",2350,423
1600000US2910288,"Cabool city, Missouri",2337,320
1600000US2928108,"Granby city, Missouri",2311,355
1600000US2958250,"Plattsburg city, Missouri",2304,348
1600000US2972826,"Thayer city, Missouri",2292,376
1600000US2940826,"Lathrop city, Missouri",2259,390
1600000US2901198,"Anderson city, Missouri",2254,368
1600000US2919792,"Doniphan city, Missouri",2236,371
1600000US2970558,"Steele city, Missouri",2188,294
1600000US2980098,"Willow Springs city, Missouri",2179,425
1600000US2910864,"Campbell city, Missouri",2165,251
1600000US2911638,"Carterville city, Missouri",2134,326
1600000US2966800,"Seymour city, Missouri",2128,267
1600000US2976157,"Village of Four Seasons village, Missouri",2122,342
1600000US2900514,"Albany city, Missouri",2106,188
1600000US2937790,"Kahoka city, Missouri",2100,189
1600000US2939980,"Lake Lotawana city, Missouri",2092,338
1600000US2906382,"Bloomfield city, Missouri",2086,270
1600000US2968204,"Slater city, Missouri",2061,226
1600000US2971062,"Strafford city, Missouri",2035,292
1600000US2945866,"Marceline city, Missouri",2021,149
1600000US2947520,"Merriam Woods village, Missouri",2001,307
1600000US2975166,"Unionville city, Missouri",1998,184
1600000US2978046,"Weatherby Lake city, Missouri",1967,185
1600000US2922114,"Elsberry city, Missouri",1958,358
1600000US2904960,"Bernie city, Missouri",1957,263
1600000US2951914,"New Haven city, Missouri",1952,299
1600000US2907534,"Bourbon city, Missouri",1946,430
1600000US2976246,"Vinita Park city, Missouri",1931,273
1600000US2977182,"Warson Woods city, Missouri",1915,217
1600000US2965450,"Salisbury city, Missouri",1907,218
1600000US2961562,"Richland city, Missouri",1895,368
1600000US2970576,"Steelville city, Missouri",1888,363
1600000US2966638,"Senath city, Missouri",1847,130
1600000US2920512,"Duquesne village, Missouri",1839,335
1600000US2930196,"Hanley Hills village, Missouri",1832,346
1600000US2970828,"Stockton city, Missouri",1818,307
1600000US2947270,"Memphis city, Missouri",1803,209
1600000US2900244,"Adrian city, Missouri",1793,233
1600000US2978370,"Wellston city, Missouri",1775,230
1600000US2930034,"Hamilton city, Missouri",1771,234
1600000US2940034,"Lake Ozark city, Missouri",1759,306
1600000US2912358,"Cedar Hill CDP, Missouri",1751,320
1600000US2977002,"Wardsville village, Missouri",1731,246
1600000US2926308,"Gallatin city, Missouri",1730,210
1600000US2945848,"Marble Hill city, Missouri",1727,278
1600000US2978856,"Weston city, Missouri",1675,206
1600000US2935468,"Ironton city, Missouri",1674,198
1600000US2939503,"LaBarque Creek CDP, Missouri",1668,400
1600000US2964370,"St. George CDP, Missouri",1666,365
1600000US2940088,"Lakeshire city, Missouri",1658,174
1600000US2943238,"Linn city, Missouri",1654,256
1600000US2969302,"Sparta city, Missouri",1642,268
1600000US2902188,"Ash Grove city, Missouri",1634,196
1600000US2923338,"Fair Grove city, Missouri",1624,235
1600000US2929998,"Hallsville city, Missouri",1579,246
1600000US2971890,"Sweet Springs city, Missouri",1572,191
1600000US2953750,"Oakland city, Missouri",1558,212
1600000US2928036,"Gower city, Missouri",1554,184
1600000US2954758,"Oran city, Missouri",1532,216
1600000US2967178,"Shelbina city, Missouri",1530,200
1600000US2933886,"Huntsville city, Missouri",1527,250
1600000US2910612,"Calverton Park city, Missouri",1518,431
1600000US2972340,"Tarkio city, Missouri",1509,123
1600000US2929206,"Greenfield city, Missouri",1503,235
1600000US2926434,"Garden City city, Missouri",1494,183
1600000US2980314,"Winchester city, Missouri",1482,242
1600000US2913330,"Charlack city, Missouri",1473,268
1600000US2904150,"Belle city, Missouri",1458,224
1600000US2917074,"Crane city, Missouri",1453,242
1600000US2962696,"Rock Port city, Missouri",1452,121
1600000US2945740,"Mansfield city, Missouri",1450,246
1600000US2956144,"Paris city, Missouri",1445,199
1600000US2927874,"Goodman city, Missouri",1441,318
1600000US2961418,"Rich Hill city, Missouri",1425,140
1600000US2914554,"Claycomo village, Missouri",1419,196
1600000US2980512,"Winona city, Missouri",1395,295
1600000US2905878,"Bismarck city, Missouri",1395,209
1600000US2916822,"Country Club Hills city, Missouri",1393,325
1600000US2904348,"Bel-Nor village, Missouri",1389,250
1600000US2941078,"Leadwood city, Missouri",1382,306
1600000US2940520,"La Monte city, Missouri",1380,197
1600000US2920314,"Duenweg city, Missouri",1370,262
1600000US2975796,"Velda City city, Missouri",1367,223
1600000US2940682,"La Plata city, Missouri",1362,188
1600000US2971044,"Stover city, Missouri",1359,265
1600000US2965990,"Sarcoxie city, Missouri",1343,342
1600000US2960176,"Purdy city, Missouri",1338,308
1600000US2932266,"Hillsdale village, Missouri",1335,244
1600000US2946424,"Marthasville city, Missouri",1328,332
1600000US2901702,"Archie city, Missouri",1327,187
1600000US2980422,"Winfield city, Missouri",1321,260
1600000US2957494,"Pierce City city, Missouri",1313,305
1600000US2972304,"Taos city, Missouri",1310,225
1600000US2926866,"Gerald city, Missouri",1300,258
1600000US2933040,"Horine CDP, Missouri",1295,444
1600000US2943760,"Lone Jack city, Missouri",1280,131
1600000US2919630,"Dixon city, Missouri",1256,282
1600000US2900262,"Advance city, Missouri",1246,197
1600000US2967232,"Shell Knob CDP, Missouri",1246,295
1600000US2901522,"Appleton City city, Missouri",1240,227
1600000US2969230,"Southwest City town, Missouri",1238,305
1600000US2921844,"Ellington city, Missouri",1230,216
1600000US2970270,"Stanberry city, Missouri",1222,147
1600000US2914212,"Clarkton city, Missouri",1213,205
1600000US2926974,"Gideon city, Missouri",1202,182
1600000US2902638,"Auxvasse city, Missouri",1183,287
1600000US2965018,"St. Martins city, Missouri",1172,141
1600000US2915436,"Cole Camp city, Missouri",1168,234
1600000US2942536,"Lilbourn city, Missouri",1165,275
1600000US2916228,"Cool Valley city, Missouri",1164,365
1600000US2927208,"Glasgow city, Missouri",1163,158
1600000US2978406,"Wellsville city, Missouri",1157,181
1600000US2943490,"Lockwood city, Missouri",1154,183
1600000US2917344,"Crocker city, Missouri",1152,255
1600000US2946946,"Maysville city, Missouri",1151,217
1600000US2921322,"Edina city, Missouri",1139,137
1600000US2925957,"Fremont Hills city, Missouri",1130,181
1600000US2940340,"Lake Winnebago city, Missouri",1114,136
1600000US2950312,"Mound City city, Missouri",1114,105
1600000US2951824,"New Franklin city, Missouri",1105,195
1600000US2959942,"Princeton city, Missouri",1083,126
1600000US2975580,"Van Buren town, Missouri",1080,253
1600000US2921376,"Edmundson city, Missouri",1067,377
1600000US2932068,"Highlandville city, Missouri",1044,185
1600000US2928630,"Grantwood Village town, Missouri",1038,257
1600000US2933706,"Humansville city, Missouri",1026,202
1600000US2955388,"Osceola city, Missouri",1025,170
1600000US2940916,"Laurie city, Missouri",1024,267
1600000US2939080,"Kissee Mills CDP, Missouri",1002,232
1600000US2954848,"Oregon city, Missouri",997,110
1600000US2956396,"Pasadena Hills city, Missouri",994,150
1600000US2961112,"Reeds Spring city, Missouri",987,236
1600000US2953462,"Norwood Court town, Missouri",985,231
1600000US2905626,"Billings city, Missouri",983,140
1600000US2948656,"Miner city, Missouri",981,206
1600000US2936512,"Jasper city, Missouri",968,205
1600000US2938774,"King City city, Missouri",962,158
1600000US2939764,"La Grange city, Missouri",958,145
1600000US2977866,"Waverly city, Missouri",942,139
1600000US2960284,"Puxico city, Missouri",931,224
1600000US2942608,"Lincoln city, Missouri",926,150
1600000US2919432,"Diamond town, Missouri",921,174
1600000US2975814,"Velda Village Hills city, Missouri",918,171
1600000US2913978,"Clarence city, Missouri",917,133
1600000US2925012,"Fordland city, Missouri",915,163
1600000US2949898,"Morehouse city, Missouri",913,195
1600000US2904798,"Benton city, Missouri",913,168
1600000US2928594,"Grant City town, Missouri",908,89
1600000US2953454,"Norwood city, Missouri",900,249
1600000US2924706,"Flordell Hills city, Missouri",898,360
1600000US2962570,"Rockaway Beach city, Missouri",891,195
1600000US2900424,"Airport Drive village, Missouri",889,207
1600000US2952058,"New London city, Missouri",886,173
1600000US2900298,"Agency village, Missouri",866,222
1600000US2966530,"Seligman city, Missouri",862,240
1600000US2909046,"Brunswick city, Missouri",854,130
1600000US2940610,"Lancaster city, Missouri",853,142
1600000US2940322,"Lake Waukomis city, Missouri",846,131
1600000US2904114,"Bella Villa city, Missouri",841,164
1600000US2952760,"Norborne city, Missouri",830,133
1600000US2904996,"Bertrand city, Missouri",827,124
1600000US2929152,"Greendale city, Missouri",822,184
1600000US2923122,"Exeter city, Missouri",821,170
1600000US2971224,"Sturgeon city, Missouri",820,142
1600000US2923248,"Fairdealing CDP, Missouri",819,398
1600000US2957818,"Pineville city, Missouri",811,159
1600000US2919684,"Doe Run CDP, Missouri",810,436
1600000US2940196,"Lake Tapawingo city, Missouri",809,121
1600000US2931024,"Hawk Point city, Missouri",809,221
1600000US2920134,"Drexel city, Missouri",806,151
1600000US2951302,"Naylor city, Missouri",793,172
1600000US2978352,"Wellington city, Missouri",787,186
1600000US2973978,"Truesdale city, Missouri",781,173
1600000US2906454,"Bloomsdale city, Missouri",772,196
1600000US2931780,"Hermitage city, Missouri",769,167
1600000US2948242,"Miller city, Missouri",756,175
1600000US2943672,"Loma Linda town, Missouri",754,130
1600000US2963704,"Russellville city, Missouri",751,143
1600000US2919828,"Doolittle city, Missouri",745,136
1600000US2951770,"New Florence city, Missouri",739,170
1600000US2976012,"Viburnum city, Missouri",734,143
1600000US2949988,"Morley city, Missouri",726,158
1600000US2946730,"Matthews city, Missouri",726,150
1600000US2900496,"Alba city, Missouri",710,145
1600000US2944282,"Lowry City city, Missouri",710,140
1600000US2905734,"Birch Tree city, Missouri",705,216
1600000US2937574,"Jonesburg city, Missouri",704,154
1600000US2911350,"Cardwell city, Missouri",701,162
1600000US2935240,"Innsbrook village, Missouri",700,207
1600000US2970738,"Stewartsville city, Missouri",697,130
1600000US2905266,"Bevier city, Missouri",696,132
1600000US2960356,"Queen City city, Missouri",694,161
1600000US2957080,"Perry city, Missouri",690,153
1600000US2954938,"Orrick city, Missouri",689,143
1600000US2939512,"La Belle city, Missouri",688,125
1600000US2935450,"Iron Mountain Lake city, Missouri",687,138
1600000US2908038,"Braymer city, Missouri",686,93
1600000US2928860,"Grayhawk CDP, Missouri",686,243
1600000US2926218,"Gainesville city, Missouri",685,154
1600000US2941852,"Lewistown town, Missouri",685,134
1600000US2957656,"Pilot Knob city, Missouri",684,161
1600000US2958448,"Pleasant Hope city, Missouri",684,152
1600000US2976102,"Vienna city, Missouri",678,168
1600000US2934228,"Iberia city, Missouri",674,192
1600000US2916192,"Conway city, Missouri",674,179
1600000US2972034,"Sycamore Hills village, Missouri",673,192
1600000US2927676,"Golden City city, Missouri",671,145
1600000US2922276,"Eminence city, Missouri",666,157
1600000US2945470,"Madison city, Missouri",663,108
1600000US2973852,"Trimble city, Missouri",660,133
1600000US2956342,"Parma city, Missouri",660,153
1600000US2901648,"Arcadia city, Missouri",653,117
1600000US2957602,"Pilot Grove city, Missouri",650,94
1600000US2943468,"Loch Lloyd village, Missouri",649,105
1600000US2979126,"Wheaton city, Missouri",647,175
1600000US2980767,"Wood Heights city, Missouri",646,112
1600000US2977920,"Wayland city, Missouri",646,117
1600000US2941906,"Liberal city, Missouri",644,110
1600000US2926254,"Galena city, Missouri",641,294
1600000US2925120,"Foristell city, Missouri",639,195
1600000US2976840,"Walnut Grove city, Missouri",635,112
1600000US2975346,"Urich city, Missouri",629,149
1600000US2930322,"Hardin city, Missouri",622,138
1600000US2931168,"Hayti Heights city, Missouri",612,175
1600000US2923266,"Fairfax city, Missouri",609,93
1600000US2952418,"Niangua city, Missouri",608,242
1600000US2954686,"Olympian Village city, Missouri",606,144
1600000US2941024,"Leadington city, Missouri",601,248
1600000US2933076,"Hornersville city, Missouri",597,102
1600000US2902422,"Atlanta city, Missouri",594,163
1600000US2978064,"Weaubleau city, Missouri",587,146
1600000US2941132,"Leawood village, Missouri",584,119
1600000US2900964,"Alton city, Missouri",583,149
1600000US2929422,"Greentop city, Missouri",583,122
1600000US2932536,"Holcomb city, Missouri",580,143
1600000US2930754,"Hartville city, Missouri",578,120
1600000US2939602,"Laddonia city, Missouri",577,149
1600000US2963110,"Rosebud city, Missouri",573,136
1600000US2914770,"Cleveland city, Missouri",572,98
1600000US2941402,"Leeton city, Missouri",570,161
1600000US2907989,"Branson West city, Missouri",569,130
1600000US2938216,"Kelso village, Missouri",568,130
1600000US2924688,"Flint Hill city, Missouri",564,108
1600000US2956306,"Parkway village, Missouri",561,163
1600000US2960428,"Qulin city, Missouri",554,141
1600000US2979756,"Wilbur Park village, Missouri",554,127
1600000US2958916,"Polo city, Missouri",551,111
1600000US2929134,"Green City city, Missouri",550,124
1600000US2909838,"Burlington Junction city, Missouri",550,134
1600000US2936332,"Jamesport city, Missouri",548,115
1600000US2929476,"Greenville city, Missouri",546,159
1600000US2951680,"New Bloomfield city, Missouri",544,117
1600000US2948980,"Missouri City city, Missouri",543,162
1600000US2971512,"Summersville city, Missouri",541,163
1600000US2931924,"Higbee city, Missouri",541,126
1600000US2910144,"Butterfield city, Missouri",538,145
1600000US2924058,"Ferrelview village, Missouri",538,149
1600000US2933850,"Huntleigh city, Missouri",533,184
1600000US2904132,"Bell City city, Missouri",528,109
1600000US2922600,"Essex city, Missouri",526,147
1600000US2909642,"Bull Creek village, Missouri",524,146
1600000US2921250,"Edgerton city, Missouri",517,144
1600000US2968384,"Smithton city, Missouri",517,126
1600000US2925894,"Freeman city, Missouri",517,111
1600000US2910792,"Camden Point city, Missouri",512,109
1600000US2927928,"Gordonville village, Missouri",511,84
1600000US2905248,"Beverly Hills city, Missouri",505,108
1600000US2906256,"Bland city, Missouri",505,116
1600000US2902800,"Avondale city, Missouri",502,131
1600000US2921916,"Ellsinore city, Missouri",498,135
1600000US2925822,"Freeburg village, Missouri",498,167
1600000US2927262,"Glenaire city, Missouri",496,113
1600000US2960734,"Raymondville town, Missouri",496,154
1600000US2951716,"Newburg city, Missouri",492,148
1600000US2977200,"Washburn city, Missouri",491,122
1600000US2922474,"Eolia village, Missouri",489,94
1600000US2967196,"Shelbyville city, Missouri",489,85
1600000US2953858,"Oakview village, Missouri",482,113
1600000US2975886,"Verona town, Missouri",481,150
1600000US2953174,"Northmoor city, Missouri",481,195
1600000US2956414,"Pasadena Park village, Missouri",480,104
1600000US2935186,"Indian Point village, Missouri",477,120
1600000US2912592,"Center city, Missouri",477,121
1600000US2923518,"Fairview town, Missouri",471,132
1600000US2923428,"Fair Play city, Missouri",471,137
1600000US2960140,"Purcell city, Missouri",468,154
1600000US2947036,"Meadville city, Missouri",466,76
1600000US2953650,"Oak Grove Village village, Missouri",464,153
1600000US2967628,"Shoal Creek Drive village, Missouri",463,147
1600000US2936368,"Jamestown town, Missouri",462,122
1600000US2918658,"Dearborn city, Missouri",461,100
1600000US2929332,"Green Ridge city, Missouri",452,89
1600000US2939990,"Lake Mykee Town village, Missouri",450,109
1600000US2960716,"Ravenwood town, Missouri",449,80
1600000US2936422,"Jane town, Missouri",445,146
1600000US2914194,"Clarksville city, Missouri",444,111
1600000US2952148,"New Melle city, Missouri",442,95
1600000US2913060,"Chamois city, Missouri",438,98
1600000US2901630,"Arbyrd city, Missouri",434,106
1600000US2955352,"Osborn city, Missouri",434,122
1600000US2929908,"Hale city, Missouri",433,82
1600000US2918730,"Deepwater city, Missouri",432,109
1600000US2917650,"Crystal Lake Park city, Missouri",430,68
1600000US2967214,"Sheldon city, Missouri",427,113
1600000US2945218,"Macks Creek CDP, Missouri",425,252
1600000US2901270,"Annapolis city, Missouri",420,125
1600000US2900802,"Alma city, Missouri",420,98
1600000US2950078,"Morrisville town, Missouri",419,123
1600000US2935396,"Irondale city, Missouri",416,134
1600000US2919072,"Delta city, Missouri",415,118
1600000US2958196,"Platte Woods city, Missouri",414,108
1600000US2927064,"Gilman City city, Missouri",413,95
1600000US2924328,"Fisk city, Missouri",413,164
1600000US2940592,"Lanagan town, Missouri",411,119
1600000US2963902,"Saginaw village, Missouri",410,110
1600000US2927658,"Golden CDP, Missouri",410,119
1600000US2919990,"Downing city, Missouri",408,100
1600000US2916336,"Cooter city, Missouri",406,108
1600000US2925552,"Frankford city, Missouri",404,94
1600000US2980026,"Williamsville city, Missouri",403,114
1600000US2913654,"Chilhowee town, Missouri",397,142
1600000US2933724,"Hume town, Missouri",397,100
1600000US2955478,"Otterville city, Missouri",395,69
1600000US2932752,"Holt city, Missouri",395,82
1600000US2978910,"Westphalia city, Missouri",393,124
1600000US2944829,"McCord Bend village, Missouri",391,173
1600000US2938468,"Keytesville city, Missouri",390,70
1600000US2941114,"Leasburg village, Missouri",389,167
1600000US2916408,"Corder city, Missouri",386,120
1600000US2904330,"Bellflower city, Missouri",384,88
1600000US2909388,"Bucklin city, Missouri",383,73
1600000US2923032,"Ewing city, Missouri",383,102
1600000US2953534,"Novinger city, Missouri",382,90
1600000US2933292,"Houston Lake city, Missouri",379,111
1600000US2978514,"West Alton city, Missouri",378,74
1600000US2961904,"Ridgeway city, Missouri",378,79
1600000US2975130,"Union Star town, Missouri",377,78
1600000US2959150,"Portage Des Sioux city, Missouri",376,72
1600000US2900928,"Altenburg city, Missouri",372,101
1600000US2937700,"Josephville village, Missouri",372,59
1600000US2961994,"Risco city, Missouri",370,100
1600000US2948710,"Mineral Point town, Missouri",365,135
1600000US2965034,"St. Mary city, Missouri",365,183
1600000US2971728,"Sunrise Beach village, Missouri",363,123
1600000US2939566,"Laclede city, Missouri",362,70
1600000US2933004,"Hopkins city, Missouri",362,60
1600000US2980380,"Windsor Place village, Missouri",361,82
1600000US2940304,"Lake Viking CDP, Missouri",360,98
1600000US2922996,"Everton city, Missouri",359,93
1600000US2975238,"Uplands Park village, Missouri",357,93
1600000US2967718,"Sibley village, Missouri",356,83
1600000US2951446,"Neelyville city, Missouri",354,126
1600000US2956558,"Pattonsburg city, Missouri",354,88
1600000US2931654,"Henrietta city, Missouri",353,108
1600000US2958934,"Pomona CDP, Missouri",349,183
1600000US2910450,"Calhoun city, Missouri",349,78
1600000US2909694,"Bunker city, Missouri",347,80
1600000US2974284,"Twin Oaks village, Missouri",342,71
1600000US2979054,"Westwood village, Missouri",337,86
1600000US2910486,"Callao city, Missouri",337,86
1600000US2975310,"Urbana city, Missouri",336,98
1600000US2947486,"Mercer town, Missouri",335,61
1600000US2917660,"Crystal Lakes city, Missouri",335,63
1600000US2909658,"Bunceton city, Missouri",333,82
1600000US2948602,"Mine La Motte CDP, Missouri",332,225
1600000US2964190,"St. Elizabeth village, Missouri",332,64
1600000US2959870,"Preston village, Missouri",330,140
1600000US2910360,"Cairo village, Missouri",330,76
1600000US2917164,"Creighton city, Missouri",329,76
1600000US2930484,"Harrisburg town, Missouri",329,89
1600000US2926578,"Gasconade city, Missouri",329,120
1600000US2946406,"Marston city, Missouri",328,130
1600000US2949664,"Montrose city, Missouri",328,55
1600000US2913474,"Cherokee Pass CDP, Missouri",327,198
1600000US2908272,"Brewer CDP, Missouri",324,123
1600000US2923662,"Farber city, Missouri",322,74
1600000US2912664,"Centertown town, Missouri",319,86
1600000US2901018,"Amazonia village, Missouri",317,95
1600000US2946244,"Marquand city, Missouri",316,94
1600000US2939952,"Lake Lafayette city, Missouri",313,76
1600000US2905950,"Blackburn city, Missouri",309,96
1600000US2937736,"Junction City village, Missouri",309,105
1600000US2946460,"Martinsburg town, Missouri",306,80
1600000US2981178,"Wyatt city, Missouri",305,74
1600000US2979180,"Wheeling city, Missouri",304,104
1600000US2915886,"Conception CDP, Missouri",302,227
1600000US2943274,"Linn Creek city, Missouri",302,97
1600000US2948566,"Mindenmines city, Missouri",301,93
1600000US2908128,"Breckenridge city, Missouri",299,72
1600000US2951860,"New Hampton city, Missouri",297,71
1600000US2910738,"Camden city, Missouri",296,102
1600000US2969464,"Spickard city, Missouri",295,94
1600000US2979090,"Wheatland city, Missouri",293,110
1600000US2973330,"Tina village, Missouri",293,156
1600000US2945596,"Maitland city, Missouri",289,62
1600000US2972232,"Taneyville village, Missouri",288,90
1600000US2914068,"Clark city, Missouri",286,99
1600000US2938846,"Kingston city, Missouri",285,82
1600000US2953948,"Oakwood Park village, Missouri",284,91
1600000US2914158,"Clarksdale city, Missouri",283,72
1600000US2943292,"Linneus city, Missouri",282,49
1600000US2973690,"Tracy city, Missouri",282,138
1600000US2901954,"Armstrong city, Missouri",281,118
1600000US2906526,"Blue Eye town, Missouri",280,97
1600000US2933364,"Howardville city, Missouri",279,102
1600000US2963857,"Saddlebrooke village, Missouri",277,88
1600000US2938972,"Kinloch city, Missouri",276,98
1600000US2922250,"Emerald Beach village, Missouri",276,155
1600000US2966134,"Schell City city, Missouri",273,92
1600000US2919504,"Diggins village, Missouri",270,66
1600000US2928180,"Grandin city, Missouri",269,114
1600000US2946964,"Mayview city, Missouri",269,88
1600000US2922798,"Eugene CDP, Missouri",269,142
1600000US2905608,"Big Spring CDP, Missouri",268,243
1600000US2947900,"Middletown town, Missouri",267,77
1600000US2921034,"Easton city, Missouri",266,75
1600000US2902512,"Augusta town, Missouri",266,64
1600000US2920674,"Eagleville town, Missouri",265,59
1600000US2959726,"Prairie Home city, Missouri",264,46
1600000US2962498,"Rocheport city, Missouri",260,92
1600000US2912376,"Cedar Hill Lakes village, Missouri",258,81
1600000US2976660,"Walker city, Missouri",257,64
1600000US2911728,"Carytown city, Missouri",257,69
1600000US2938918,"Kingsville city, Missouri",256,98
1600000US2963596,"Rushville town, Missouri",250,67
1600000US2925066,"Forest City city, Missouri",250,52
1600000US2923698,"Farley village, Missouri",250,79
1600000US2903376,"Barnett city, Missouri",249,91
1600000US2965162,"St. Thomas town, Missouri",249,61
1600000US2912682,"Centerview city, Missouri",246,114
1600000US2902098,"Asbury city, Missouri",246,60
1600000US2903052,"Bakersfield village, Missouri",244,110
1600000US2980548,"Winston village, Missouri",244,58
1600000US2915220,"Cobalt village, Missouri",242,80
1600000US2939278,"Knox City city, Missouri",241,94
1600000US2961184,"Rensselaer village, Missouri",241,89
1600000US2945632,"Malta Bend town, Missouri",240,65
1600000US2917992,"Dadeville village, Missouri",238,56
1600000US2933922,"Hurley city, Missouri",237,83
1600000US2926092,"Frohna city, Missouri",235,60
1600000US2903340,"Barnard city, Missouri",234,62
1600000US2976966,"Wardell town, Missouri",234,53
1600000US2922312,"Emma city, Missouri",232,59
1600000US2917056,"Craig city, Missouri",231,67
1600000US2924120,"Fidelity town, Missouri",231,68
1600000US2959060,"Pontiac CDP, Missouri",229,137
1600000US2953786,"Oak Ridge town, Missouri",228,76
1600000US2954416,"Old Monroe city, Missouri",227,63
1600000US2981088,"Wortham CDP, Missouri",226,175
1600000US2937214,"Jerico Springs village, Missouri",224,68
1600000US2947288,"Mendon city, Missouri",223,74
1600000US2968132,"Skidmore city, Missouri",221,59
1600000US2920980,"East Lynne city, Missouri",220,76
1600000US2940214,"Lake Tekakwitha village, Missouri",220,62
1600000US2914914,"Climax Springs CDP, Missouri",220,150
1600000US2901090,"Amsterdam city, Missouri",220,73
1600000US2910342,"Cainsville city, Missouri",219,51
1600000US2912718,"Centerville city, Missouri",219,99
1600000US2914140,"Clarksburg city, Missouri",218,60
1600000US2920296,"Dudley city, Missouri",218,94
1600000US2913852,"Chula city, Missouri",218,61
1600000US2974176,"Turney village, Missouri",216,78
1600000US2911026,"Canalou city, Missouri",215,90
1600000US2931996,"High Hill city, Missouri",214,60
1600000US2927514,"Glenwood village, Missouri",214,79
1600000US2951140,"Napoleon city, Missouri",213,68
1600000US2938522,"Kidder city, Missouri",213,48
1600000US2940736,"Laredo city, Missouri",212,69
1600000US2919198,"Des Arc village, Missouri",211,61
1600000US2918946,"De Kalb town, Missouri",210,57
1600000US2964154,"St. Clement CDP, Missouri",207,215
1600000US2908614,"Bronaugh city, Missouri",207,97
1600000US2903556,"Bates City city, Missouri",207,53
1600000US2916984,"Cowgill city, Missouri",206,58
1600000US2939440,"Koshkonong town, Missouri",206,81
1600000US2904888,"Berger city, Missouri",205,60
1600000US2905824,"Birmingham village, Missouri",204,74
1600000US2923077,"Excelsior Estates village, Missouri",203,75
1600000US2908884,"Browning city, Missouri",202,53
1600000US2981106,"Worthington village, Missouri",201,111
1600000US2967358,"Sheridan town, Missouri",200,51
1600000US2940430,"Lamar Heights city, Missouri",198,102
1600000US2906148,"Blackwater city, Missouri",198,53
1600000US2927028,"Gilliam city, Missouri",198,62
1600000US2979000,"West Sullivan town, Missouri",197,102
1600000US2947594,"Meta city, Missouri",196,67
1600000US2939008,"Kirbyville village, Missouri",195,83
1600000US2921214,"Edgar Springs city, Missouri",194,72
1600000US2975724,"Vanduser village, Missouri",194,61
1600000US2925411,"Fountain N' Lakes village, Missouri",193,62
1600000US2901828,"Argyle town, Missouri",193,57
1600000US2927280,"Glen Allen town, Missouri",192,118
1600000US2952292,"Newtonia town, Missouri",192,59
1600000US2906346,"Blodgett village, Missouri",192,76
1600000US2981142,"Wyaconda city, Missouri",190,50
1600000US2952328,"Newtown town, Missouri",190,79
1600000US2916588,"Cosby village, Missouri",189,72
1600000US2917902,"Curryville city, Missouri",188,67
1600000US2915274,"Coffey city, Missouri",188,64
1600000US2919486,"Diehlstadt village, Missouri",188,68
1600000US2904834,"Benton City village, Missouri",188,92
1600000US2949070,"Mokane city, Missouri",186,85
1600000US2956226,"Parkdale village, Missouri",186,32
1600000US2910432,"Caledonia village, Missouri",185,87
1600000US2917524,"Cross Timbers city, Missouri",185,89
1600000US2971008,"Stoutland city, Missouri",185,74
1600000US2925372,"Foster village, Missouri",184,103
1600000US2926362,"Galt city, Missouri",184,37
1600000US2974194,"Tuscumbia town, Missouri",183,57
1600000US2956360,"Parnell city, Missouri",183,61
1600000US2915922,"Conception Junction town, Missouri",181,38
1600000US2925912,"Freistatt village, Missouri",181,57
1600000US2961364,"Richards town, Missouri",181,118
1600000US2906742,"Blythedale village, Missouri",180,42
1600000US2915562,"Collins village, Missouri",178,60
1600000US2901072,"Amoret city, Missouri",178,64
1600000US2932590,"Holland town, Missouri",177,73
1600000US2918496,"Dawn CDP, Missouri",176,60
1600000US2953894,"Oakwood village, Missouri",176,60
1600000US2963560,"Rush Hill village, Missouri",175,89
1600000US2929116,"Greencastle city, Missouri",175,59
1600000US2953516,"Novelty village, Missouri",175,56
1600000US2943652,"Lohman city, Missouri",174,46
1600000US2945110,"Mackenzie village, Missouri",174,69
1600000US2951356,"Neck City city, Missouri",174,65
1600000US2900910,"Altamont village, Missouri",173,61
1600000US2928828,"Gravois Mills town, Missouri",172,148
1600000US2949646,"Montreal CDP, Missouri",170,231
1600000US2938792,"Kingdom City village, Missouri",170,69
1600000US2904248,"Bellerive Acres city, Missouri",170,55
1600000US2924184,"Fillmore city, Missouri",170,52
1600000US2914662,"Clearmont city, Missouri",169,51
1600000US2972898,"Theodosia village, Missouri",168,52
1600000US2966337,"Scotsdale town, Missouri",168,50
1600000US2907426,"Bosworth city, Missouri",166,57
1600000US2925516,"Frankclay CDP, Missouri",166,79
1600000US2930016,"Halltown village, Missouri",165,99
1600000US2957368,"Phillipsburg village, Missouri",164,61
1600000US2933652,"Hughesville village, Missouri",164,48
1600000US2950168,"Mosby city, Missouri",164,63
1600000US2920656,"Eagle Rock CDP, Missouri",163,140
1600000US2974014,"Truxton village, Missouri",163,108
1600000US2964244,"St. Francisville CDP, Missouri",162,80
1600000US2966476,"Sedgewickville village, Missouri",161,90
1600000US2970648,"Stella town, Missouri",161,64
1600000US2955694,"Oxly CDP, Missouri",160,63
1600000US2906922,"Bolckow city, Missouri",159,51
1600000US2922024,"Elmo city, Missouri",159,39
1600000US2933760,"Hunnewell city, Missouri",158,54
1600000US2975364,"Utica village, Missouri",157,55
1600000US2908002,"Brashear city, Missouri",156,46
1600000US2928072,"Graham town, Missouri",155,42
1600000US2951500,"Nelson city, Missouri",154,53
1600000US2949790,"Mooresville village, Missouri",154,66
1600000US2961166,"Renick village, Missouri",152,57
1600000US2904525,"Bennett Springs CDP, Missouri",151,154
1600000US2933904,"Hurdland city, Missouri",148,70
1600000US2960986,"Redings Mill village, Missouri",148,49
1600000US2907876,"Bragg City town, Missouri",145,73
1600000US2901288,"Anniston town, Missouri",145,51
1600000US2972106,"Syracuse city, Missouri",144,61
1600000US2928864,"Grayridge CDP, Missouri",143,119
1600000US2950330,"Moundville town, Missouri",143,65
1600000US2959816,"Prathersville village, Missouri",142,55
1600000US2941834,"Lewis and Clark Village town, Missouri",142,42
1600000US2953804,"Oaks village, Missouri",141,42
1600000US2951734,"New Cambria city, Missouri",140,36
1600000US2977794,"Wasola CDP, Missouri",140,97
1600000US2931204,"Haywood City village, Missouri",139,58
1600000US2940880,"La Tour CDP, Missouri",139,93
1600000US2963200,"Rosendale city, Missouri",138,58
1600000US2900748,"Allenville village, Missouri",138,55
1600000US2921340,"Edinburg CDP, Missouri",137,75
1600000US2970414,"Stark City town, Missouri",137,61
1600000US2903322,"Baring city, Missouri",136,57
1600000US2929962,"Halfway village, Missouri",136,57
1600000US2938684,"Kimmswick city, Missouri",136,63
1600000US2960824,"Rayville CDP, Missouri",135,175
1600000US2933256,"Houstonia city, Missouri",134,39
1600000US2927370,"Glen Echo Park village, Missouri",134,42
1600000US2972196,"Tallapoosa city, Missouri",134,62
1600000US2906832,"Bogard city, Missouri",133,37
1600000US2949592,"Monticello village, Missouri",132,53
1600000US2948386,"Mill Spring village, Missouri",130,58
1600000US2970990,"Stotts City city, Missouri",129,78
1600000US2971098,"Strasburg city, Missouri",129,52
1600000US2933778,"Hunter CDP, Missouri",128,132
1600000US2960158,"Purdin city, Missouri",128,27
1600000US2961328,"Rhineland town, Missouri",125,34
1600000US2968888,"South Greenfield village, Missouri",124,64
1600000US2932806,"Homestead village, Missouri",124,43
1600000US2908902,"Brownington town, Missouri",124,51
1600000US2941690,"Leslie village, Missouri",123,62
1600000US2941417,"Leisure Lake CDP, Missouri",123,54
1600000US2962786,"Rockville city, Missouri",123,53
1600000US2943940,"Longtown town, Missouri",123,49
1600000US2929764,"Gunn City village, Missouri",122,70
1600000US2906238,"Blairstown city, Missouri",122,61
1600000US2936224,"Jacksonville village, Missouri",122,70
1600000US2944390,"Ludlow town, Missouri",122,53
1600000US2924886,"Foley city, Missouri",122,51
1600000US2940790,"La Russell city, Missouri",121,54
1600000US2978622,"Westboro city, Missouri",121,46
1600000US2957404,"Pickering town, Missouri",119,39
1600000US2928170,"Grand Falls Plaza town, Missouri",118,45
1600000US2943346,"Lithium CDP, Missouri",117,67
1600000US2931186,"Hayward CDP, Missouri",117,60
1600000US2955892,"Ozora CDP, Missouri",117,57
1600000US2979612,"Whitewater town, Missouri",116,63
1600000US2932824,"Homestown city, Missouri",114,56
1600000US2939845,"Lake Annette city, Missouri",114,53
1600000US2971620,"Sumner town, Missouri",113,55
1600000US2913015,"Chain-O-Lakes village, Missouri",112,71
1600000US2902034,"Arrow Point village, Missouri",111,67
1600000US2978424,"Wentworth village, Missouri",111,60
1600000US2919378,"De Witt city, Missouri",108,36
1600000US2926920,"Gibbs village, Missouri",107,79
1600000US2978838,"West Line village, Missouri",107,39
1600000US2902530,"Aullville village, Missouri",106,78
1600000US2956432,"Pascola village, Missouri",105,49
1600000US2908776,"Brooklyn Heights town, Missouri",105,38
1600000US2963074,"Roscoe village, Missouri",103,49
1600000US2900604,"Alexandria city, Missouri",103,57
1600000US2932626,"Holliday village, Missouri",102,36
1600000US2905495,"Big Lake village, Missouri",102,29
1600000US2907948,"Brandsville city, Missouri",99,39
1600000US2905104,"Bethel village, Missouri",98,33
1600000US2903124,"Baldwin Park village, Missouri",97,30
1600000US2943454,"Livonia village, Missouri",95,85
1600000US2908974,"Brumley town, Missouri",95,63
1600000US2913006,"Chain of Rocks village, Missouri",95,35
1600000US2945020,"McFall city, Missouri",95,38
1600000US2930718,"Hartsburg town, Missouri",94,35
1600000US2948880,"Miramiguoa Park village, Missouri",94,40
1600000US2978334,"Weldon Spring Heights town, Missouri",93,25
1600000US2968762,"South Fork CDP, Missouri",92,79
1600000US2960644,"Ravanna CDP, Missouri",92,57
1600000US2947684,"Miami city, Missouri",92,37
1600000US2975202,"Unity Village village, Missouri",92,27
1600000US2969518,"Spokane CDP, Missouri",91,75
1600000US2967632,"Shoal Creek Estates village, Missouri",91,34
1600000US2935306,"Ionia town, Missouri",90,32
1600000US2961094,"Reeds town, Missouri",89,46
1600000US2950060,"Morrison city, Missouri",89,39
1600000US2918910,"Defiance CDP, Missouri",88,43
1600000US2930862,"Harwood village, Missouri",87,63
1600000US2944516,"Luray village, Missouri",87,43
1600000US2968870,"South Gorin town, Missouri",87,56
1600000US2956900,"Penermon village, Missouri",87,70
1600000US2914896,"Clifton Hill city, Missouri",85,52
1600000US2924562,"Fleming city, Missouri",85,48
1600000US2916876,"Country Life Acres village, Missouri",84,26
1600000US2963776,"Rutledge town, Missouri",83,49
1600000US2951662,"Newark village, Missouri",82,35
1600000US2973348,"Tindall town, Missouri",82,33
1600000US2941762,"Levasy city, Missouri",82,36
1600000US2981430,"Zalma CDP, Missouri",82,49
1600000US2933742,"Humphreys village, Missouri",81,34
1600000US2919918,"Dover town, Missouri",81,30
1600000US2901720,"Arcola village, Missouri",80,36
1600000US2944372,"Lucerne village, Missouri",80,45
1600000US2962210,"Riverview Estates village, Missouri",79,33
1600000US2948476,"Milo village, Missouri",79,50
1600000US2916115,"Coney Island village, Missouri",77,54
1600000US2958088,"Plato village, Missouri",77,42
1600000US2928198,"Grand Pass village, Missouri",76,52
1600000US2978028,"Weatherby town, Missouri",75,30
1600000US2975706,"Vandiver village, Missouri",75,42
1600000US2950528,"Mount Moriah town, Missouri",75,29
1600000US2902260,"Ashley CDP, Missouri",75,78
1600000US2978226,"Weingarten CDP, Missouri",74,83
1600000US2924580,"Flemington village, Missouri",74,33
1600000US2915760,"Commerce village, Missouri",73,44
1600000US2963236,"Rothville village, Missouri",73,50
1600000US2921988,"Elmer city, Missouri",73,34
1600000US2915130,"Clyde village, Missouri",72,42
1600000US2948134,"Millard village, Missouri",71,37
1600000US2957512,"Pierpont village, Missouri",69,38
1600000US2944156,"Louisburg village, Missouri",68,37
1600000US2902746,"Avilla town, Missouri",68,54
1600000US2961886,"Ridgely village, Missouri",66,27
1600000US2909802,"Burgess CDP, Missouri",66,39
1600000US2900568,"Aldrich village, Missouri",66,30
1600000US2936314,"Jameson town, Missouri",65,21
1600000US2954200,"Old Appleton town, Missouri",65,54
1600000US2981070,"Worth village, Missouri",65,29
1600000US2976390,"Vista village, Missouri",64,40
1600000US2941546,"Leonard village, Missouri",64,24
1600000US2918316,"Darlington village, Missouri",64,34
1600000US2900712,"Allendale village, Missouri",64,35
1600000US2926776,"Gentry village, Missouri",63,35
1600000US2967808,"Silex village, Missouri",62,25
1600000US2961292,"Revere town, Missouri",60,37
1600000US2979558,"Whiteside village, Missouri",60,29
1600000US2976444,"Waco city, Missouri",59,28
1600000US2925624,"Franklin city, Missouri",58,27
1600000US2945200,"McKittrick town, Missouri",56,36
1600000US2929692,"Guilford town, Missouri",56,28
1600000US2958628,"Pocahontas town, Missouri",56,28
1600000US2954560,"Olean town, Missouri",55,42
1600000US2964172,"St. Cloud village, Missouri",55,31
1600000US2962030,"Ritchey town, Missouri",55,23
1600000US2968852,"South Gifford village, Missouri",53,32
1600000US2962228,"Rives town, Missouri",53,38
1600000US2980440,"Winigan CDP, Missouri",52,45
1600000US2980260,"Wilson City village, Missouri",51,34
1600000US2922672,"Ethel town, Missouri",51,38
1600000US2974473,"Umber View Heights village, Missouri",51,22
1600000US2935486,"Irwin CDP, Missouri",49,49
1600000US2932410,"Hoberg village, Missouri",49,35
1600000US2934210,"Iatan village, Missouri",48,41
1600000US2973240,"Tightwad village, Missouri",48,21
1600000US2956612,"Paynesville village, Missouri",47,19
1600000US2939638,"La Due village, Missouri",46,43
1600000US2902044,"Arrow Rock town, Missouri",45,30
1600000US2908470,"Brimson village, Missouri",44,22
1600000US2901864,"Arkoe town, Missouri",44,16
1600000US2956620,"Peaceful Village village, Missouri",43,35
1600000US2950510,"Mount Leonard town, Missouri",42,24
1600000US2925228,"Fortescue town, Missouri",42,34
1600000US2918802,"Deerfield village, Missouri",42,18
1600000US2919090,"Dennis Acres village, Missouri",41,24
1600000US2958898,"Pollock village, Missouri",40,30
1600000US2913390,"Charmwood town, Missouri",40,41
1600000US2959420,"Powersville village, Missouri",39,24
1600000US2913582,"Chesapeake CDP, Missouri",38,56
1600000US2977848,"Watson village, Missouri",38,19
1600000US2960842,"Rea city, Missouri",38,19
1600000US2930772,"Hartwell CDP, Missouri",37,52
1600000US2901252,"Annada village, Missouri",37,19
1600000US2943472,"Lock Springs village, Missouri",37,25
1600000US2912052,"Catron town, Missouri",37,20
1600000US2902962,"Bagnell town, Missouri",34,23
1600000US2919162,"Denver village, Missouri",34,24
1600000US2956882,"Pendleton village, Missouri",34,23
1600000US2971628,"Sundown CDP, Missouri",34,22
1600000US2947612,"Metz town, Missouri",33,24
1600000US2927100,"Ginger Blue village, Missouri",33,23
1600000US2905320,"Biehle CDP, Missouri",32,49
1600000US2901576,"Arbela town, Missouri",31,27
1600000US2947540,"Merwin village, Missouri",30,18
1600000US2928360,"Granger village, Missouri",30,20
1600000US2914806,"Cliff Village village, Missouri",30,22
1600000US2922006,"Elmira village, Missouri",29,21
1600000US2944498,"Lupus town, Missouri",29,16
1600000US2925948,"Fremont CDP, Missouri",28,29
1600000US2918190,"Danville CDP, Missouri",26,39
1600000US2926902,"Gerster town, Missouri",26,19
1600000US2971026,"Stoutsville village, Missouri",24,18
1600000US2949610,"Montier CDP, Missouri",23,34
1600000US2920566,"Dutchtown village, Missouri",22,16
1600000US2901054,"Amity town, Missouri",21,17
1600000US2960590,"Randolph village, Missouri",21,13
1600000US2935324,"Irena village, Missouri",21,14
1600000US2981016,"Wooldridge village, Missouri",21,11
1600000US2956468,"Passaic town, Missouri",20,13
1600000US2927900,"Goodnight village, Missouri",20,16
1600000US2955424,"Osgood village, Missouri",20,24
1600000US2948098,"Milford village, Missouri",18,23
1600000US2930466,"Harris town, Missouri",18,14
1600000US2906247,"Blanchard CDP, Missouri",17,22
1600000US2970954,"Stotesbury town, Missouri",17,16
1600000US2922951,"Evergreen village, Missouri",16,18
1600000US2973870,"Triplett city, Missouri",16,12
1600000US2960410,"Quitman CDP, Missouri",16,10
1600000US2958574,"Plevna CDP, Missouri",13,10
1600000US2968942,"South Lineville town, Missouri",12,14
1600000US2923050,"Excello CDP, Missouri",11,15
1600000US2944768,"McBaine town, Missouri",9,6
1600000US2933868,"Huntsdale town, Missouri",8,7
1600000US2973127,"Three Creeks village, Missouri",8,8
1600000US2905464,"Bigelow village, Missouri",8,8
1600000US2953138,"North Lilbourn village, Missouri",8,15
1600000US2962056,"River Bend village, Missouri",7,12
1600000US2916462,"Corning town, Missouri",5,5
1600000US2913078,"Champ village, Missouri",5,6
1600000US2912079,"Cave town, Missouri",4,5
1600000US2918118,"Dalton town, Missouri",3,4
1600000US2957332,"Phelps City CDP, Missouri",0,11
1600000US2924760,"Florida village, Missouri",0,11
1600000US2928000,"Goss town, Missouri",0,11
1600000US2940142,"Lakeside city, Missouri",0,11
1600000US2973006,"Thomasville CDP, Missouri",0,11
1600000US2972376,"Tarrants village, Missouri",0,11
1600000US2902152,"Ashburn town, Missouri",0,11
1600000US2940448,"Lambert village, Missouri",0,11
1600000US2903034,"Baker village, Missouri",0,11
1600000US2957926,"Pinhook village, Missouri",0,11
1600000US2930844,"Harviell CDP, Missouri",0,11
